fund,family,model,lambda,basis,ann_return,ann_vol,sharpe,max_drawdown,mean_turnover,total_cost
Equity Minimum Variance + VADER,equity,VADER,0.0,gross,0.05383503493532005,0.1097051628772769,0.4907247163521675,-0.08611002079198349,0.0005227215085452859,6.534018856816075e-05
Equity Minimum Variance + VADER,equity,VADER,0.0,net,0.053765628354978334,0.10970499666921604,0.4900927941969058,-0.08612422160854916,0.0005227215085452859,6.534018856816075e-05
Equity Minimum Variance + VADER,equity,VADER,0.25,gross,0.0654241459336713,0.10927414403390234,0.5987157027134747,-0.08437065272920086,0.00468597327766879,0.0005857466597085988
Equity Minimum Variance + VADER,equity,VADER,0.25,net,0.06479525266304687,0.10927257226203549,0.5929690435736054,-0.08443018152468984,0.00468597327766879,0.0005857466597085988
Equity Minimum Variance + VADER,equity,VADER,0.5,gross,0.07451400916885542,0.1105747732481602,0.6738789235554252,-0.08227936195107932,0.009517210251045183,0.0011896512813806479
Equity Minimum Variance + VADER,equity,VADER,0.5,net,0.07322618476889398,0.1105721735876533,0.6622478548895104,-0.0824086369348398,0.009517210251045183,0.0011896512813806479
Equity Minimum Variance + VADER,equity,VADER,0.75,gross,0.0835701515150955,0.1132776247367577,0.737746326419728,-0.07844591933648082,0.013991421288818529,0.0017489276611023163
Equity Minimum Variance + VADER,equity,VADER,0.75,net,0.08166142969315371,0.11327373147544187,0.7209211582374523,-0.0786566163652922,0.013991421288818529,0.0017489276611023163
Equity Minimum Variance + VADER,equity,VADER,1.0,gross,0.09305425973496462,0.11734974767721403,0.7929651454464363,-0.07273958204697473,0.018320036561559356,0.00229000457019492
Equity Minimum Variance + VADER,equity,VADER,1.0,net,0.09053377489375114,0.11734276241222034,0.7715326708920459,-0.07305584105065488,0.018320036561559356,0.00229000457019492
Equity Minimum Variance + finVADER,equity,finVADER,0.0,gross,0.05383503493532005,0.1097051628772769,0.4907247163521675,-0.08611002079198349,0.0005227215085452859,6.534018856816075e-05
Equity Minimum Variance + finVADER,equity,finVADER,0.0,net,0.053765628354978334,0.10970499666921604,0.4900927941969058,-0.08612422160854916,0.0005227215085452859,6.534018856816075e-05
Equity Minimum Variance + finVADER,equity,finVADER,0.25,gross,0.054662105379988946,0.10918867194238974,0.500620663367257,-0.08543728617403912,0.0035598167521161965,0.0004449770940145245
Equity Minimum Variance + finVADER,equity,finVADER,0.25,net,0.05418914642124095,0.10918874443595825,0.4962887585269758,-0.08567156777132856,0.0035598167521161965,0.0004449770940145245
Equity Minimum Variance + finVADER,equity,finVADER,0.5,gross,0.05052950459723271,0.10956723650990553,0.46117348768456473,-0.08758339153037253,0.00663874220266731,0.0008298427753334137
Equity Minimum Variance + finVADER,equity,finVADER,0.5,net,0.04965108833733467,0.10956735195645871,0.4531558666952694,-0.08802059573400223,0.00663874220266731,0.0008298427753334137
Equity Minimum Variance + finVADER,equity,finVADER,0.75,gross,0.04774426742612148,0.11049631600404364,0.4320892239011323,-0.0883111123448802,0.00947837591684017,0.0011847969896050213
Equity Minimum Variance + finVADER,equity,finVADER,0.75,net,0.04649364812064882,0.11049302883997689,0.4207835427154768,-0.08892366324510426,0.00947837591684017,0.0011847969896050213
Equity Minimum Variance + finVADER,equity,finVADER,1.0,gross,0.048249405108432786,0.11210172686524957,0.4304073314270204,-0.089064182560054,0.012234086154362377,0.0015292607692952971
Equity Minimum Variance + finVADER,equity,finVADER,1.0,net,0.046634660267762085,0.11209335849480043,0.4160341066944237,-0.08984562224954051,0.012234086154362377,0.0015292607692952971
Combined Minimum Variance + VADER,combined,VADER,0.0,gross,0.05383503481510599,0.10970516741831074,0.49072469494377213,-0.08611000595503482,0.0005227212515773681,6.534015644717102e-05
Combined Minimum Variance + VADER,combined,VADER,0.0,net,0.0537656282688892,0.10970500119997617,0.49009277317159244,-0.0861242067198279,0.0005227212515773681,6.534015644717102e-05
Combined Minimum Variance + VADER,combined,VADER,0.25,gross,0.06542413441231165,0.10927414770001993,0.5987155771913627,-0.08437063887245133,0.004685975892288597,0.0005857469865360747
Combined Minimum Variance + VADER,combined,VADER,0.25,net,0.06479524079767307,0.10927257592592401,0.5929689151063651,-0.0844301677470497,0.004685975892288597,0.0005857469865360747
Combined Minimum Variance + VADER,combined,VADER,0.5,gross,0.0745139872006495,0.11057477584118044,0.6738787090798594,-0.08227934982468366,0.00951721352734023,0.0011896516909175288
Combined Minimum Variance + VADER,combined,VADER,0.5,net,0.07322616238392254,0.1105721761833639,0.6622476368963764,-0.0824086249740974,0.00951721352734023,0.0011896516909175288
Combined Minimum Variance + VADER,combined,VADER,0.75,gross,0.08357012126721508,0.11327762654894628,0.7377460475931242,-0.07844591030167136,0.013991424482199248,0.001748928060274906
Combined Minimum Variance + VADER,combined,VADER,0.75,net,0.08166139906325864,0.11327373328586046,0.7209208763092134,-0.07865660747410586,0.013991424482199248,0.001748928060274906
Combined Minimum Variance + VADER,combined,VADER,1.0,gross,0.0930542276439541,0.1173497491755696,0.792964861856957,-0.07273957857237678,0.01832004043760453,0.0022900050547005673
Combined Minimum Variance + VADER,combined,VADER,1.0,net,0.09053374234403222,0.11734276390704038,0.7715323836734712,-0.073055837685853,0.01832004043760453,0.0022900050547005673
Combined Minimum Variance + finVADER,combined,finVADER,0.0,gross,0.05383503481510599,0.10970516741831074,0.49072469494377213,-0.08611000595503482,0.0005227212515773681,6.534015644717102e-05
Combined Minimum Variance + finVADER,combined,finVADER,0.0,net,0.0537656282688892,0.10970500119997617,0.49009277317159244,-0.0861242067198279,0.0005227212515773681,6.534015644717102e-05
Combined Minimum Variance + finVADER,combined,finVADER,0.25,gross,0.05466211133025145,0.10918867590619473,0.5006206996887874,-0.08543725092201282,0.0035598130391261127,0.00044497662989076404
Combined Minimum Variance + finVADER,combined,finVADER,0.25,net,0.05418915286204551,0.10918874837155747,0.4962887996265485,-0.0856715319857363,0.0035598130391261127,0.00044497662989076404
Combined Minimum Variance + finVADER,combined,finVADER,0.5,gross,0.05052951809733286,0.10956723969294387,0.4611735974999374,-0.08758334820377434,0.006638739335091392,0.000829842416886424
Combined Minimum Variance + finVADER,combined,finVADER,0.5,net,0.049651102205434894,0.1095673551249369,0.4531559801623302,-0.0880205518472611,0.006638739335091392,0.000829842416886424
Combined Minimum Variance + finVADER,combined,finVADER,0.75,gross,0.0477442900189895,0.1104963183751411,0.4320894190962544,-0.08831105948302542,0.009478373254269229,0.0011847966567836536
Combined Minimum Variance + finVADER,combined,finVADER,0.75,net,0.04649367103766888,0.11049303120404079,0.42078374111949046,-0.08892360986736014,0.009478373254269229,0.0011847966567836536
Combined Minimum Variance + finVADER,combined,finVADER,1.0,gross,0.048249437501934445,0.1121017286605447,0.4304076134993296,-0.08906412044467416,0.012234084741389362,0.00152926059267367
Combined Minimum Variance + finVADER,combined,finVADER,1.0,net,0.04663469279772281,0.11209336028719807,0.4160343902461175,-0.08984555972422648,0.012234084741389362,0.00152926059267367
